{
  "ABIRoot": {
    "kind": "Root",
    "name": "PSANotificationService",
    "printedName": "PSANotificationService",
    "children": [
      {
        "kind": "Import",
        "name": "Foundation",
        "printedName": "Foundation",
        "declKind": "Import",
        "moduleName": "PSANotificationService",
        "declAttributes": [
          "RawDocComment"
        ]
      },
      {
        "kind": "Import",
        "name": "Foundation",
        "printedName": "Foundation",
        "declKind": "Import",
        "moduleName": "PSANotificationService",
        "declAttributes": [
          "RawDocComment"
        ]
      },
      {
        "kind": "Import",
        "name": "UserNotifications",
        "printedName": "UserNotifications",
        "declKind": "Import",
        "moduleName": "PSANotificationService"
      },
      {
        "kind": "TypeDecl",
        "name": "PsaNotificationServiceExtension",
        "printedName": "PsaNotificationServiceExtension",
        "children": [
          {
            "kind": "Var",
            "name": "mediaUrlKey",
            "printedName": "mediaUrlKey",
            "children": [
              {
                "kind": "TypeNominal",
                "name": "Optional",
                "printedName": "Swift.String?",
                "children": [
                  {
                    "kind": "TypeNominal",
                    "name": "String",
                    "printedName": "Swift.String",
                    "usr": "s:SS"
                  }
                ],
                "usr": "s:Sq"
              }
            ],
            "declKind": "Var",
            "usr": "s:22PSANotificationService015PsaNotificationB9ExtensionC11mediaUrlKeySSSgvp",
            "mangledName": "$s22PSANotificationService015PsaNotificationB9ExtensionC11mediaUrlKeySSSgvp",
            "moduleName": "PSANotificationService",
            "declAttributes": [
              "HasInitialValue",
              "HasStorage",
              "AccessControl"
            ],
            "hasStorage": true,
            "accessors": [
              {
                "kind": "Accessor",
                "name": "Get",
                "printedName": "Get()",
                "children": [
                  {
                    "kind": "TypeNominal",
                    "name": "Optional",
                    "printedName": "Swift.String?",
                    "children": [
                      {
                        "kind": "TypeNominal",
                        "name": "String",
                        "printedName": "Swift.String",
                        "usr": "s:SS"
                      }
                    ],
                    "usr": "s:Sq"
                  }
                ],
                "declKind": "Accessor",
                "usr": "s:22PSANotificationService015PsaNotificationB9ExtensionC11mediaUrlKeySSSgvg",
                "mangledName": "$s22PSANotificationService015PsaNotificationB9ExtensionC11mediaUrlKeySSSgvg",
                "moduleName": "PSANotificationService",
                "implicit": true,
                "accessorKind": "get"
              },
              {
                "kind": "Accessor",
                "name": "Set",
                "printedName": "Set()",
                "children": [
                  {
                    "kind": "TypeNominal",
                    "name": "Void",
                    "printedName": "()"
                  },
                  {
                    "kind": "TypeNominal",
                    "name": "Optional",
                    "printedName": "Swift.String?",
                    "children": [
                      {
                        "kind": "TypeNominal",
                        "name": "String",
                        "printedName": "Swift.String",
                        "usr": "s:SS"
                      }
                    ],
                    "usr": "s:Sq"
                  }
                ],
                "declKind": "Accessor",
                "usr": "s:22PSANotificationService015PsaNotificationB9ExtensionC11mediaUrlKeySSSgvs",
                "mangledName": "$s22PSANotificationService015PsaNotificationB9ExtensionC11mediaUrlKeySSSgvs",
                "moduleName": "PSANotificationService",
                "implicit": true,
                "accessorKind": "set"
              },
              {
                "kind": "Accessor",
                "name": "Modify",
                "printedName": "Modify()",
                "children": [
                  {
                    "kind": "TypeNominal",
                    "name": "Void",
                    "printedName": "()"
                  }
                ],
                "declKind": "Accessor",
                "usr": "s:22PSANotificationService015PsaNotificationB9ExtensionC11mediaUrlKeySSSgvM",
                "mangledName": "$s22PSANotificationService015PsaNotificationB9ExtensionC11mediaUrlKeySSSgvM",
                "moduleName": "PSANotificationService",
                "implicit": true,
                "accessorKind": "_modify"
              }
            ]
          },
          {
            "kind": "Var",
            "name": "mediaTypeKey",
            "printedName": "mediaTypeKey",
            "children": [
              {
                "kind": "TypeNominal",
                "name": "Optional",
                "printedName": "Swift.String?",
                "children": [
                  {
                    "kind": "TypeNominal",
                    "name": "String",
                    "printedName": "Swift.String",
                    "usr": "s:SS"
                  }
                ],
                "usr": "s:Sq"
              }
            ],
            "declKind": "Var",
            "usr": "s:22PSANotificationService015PsaNotificationB9ExtensionC12mediaTypeKeySSSgvp",
            "mangledName": "$s22PSANotificationService015PsaNotificationB9ExtensionC12mediaTypeKeySSSgvp",
            "moduleName": "PSANotificationService",
            "declAttributes": [
              "HasInitialValue",
              "HasStorage",
              "AccessControl"
            ],
            "hasStorage": true,
            "accessors": [
              {
                "kind": "Accessor",
                "name": "Get",
                "printedName": "Get()",
                "children": [
                  {
                    "kind": "TypeNominal",
                    "name": "Optional",
                    "printedName": "Swift.String?",
                    "children": [
                      {
                        "kind": "TypeNominal",
                        "name": "String",
                        "printedName": "Swift.String",
                        "usr": "s:SS"
                      }
                    ],
                    "usr": "s:Sq"
                  }
                ],
                "declKind": "Accessor",
                "usr": "s:22PSANotificationService015PsaNotificationB9ExtensionC12mediaTypeKeySSSgvg",
                "mangledName": "$s22PSANotificationService015PsaNotificationB9ExtensionC12mediaTypeKeySSSgvg",
                "moduleName": "PSANotificationService",
                "implicit": true,
                "accessorKind": "get"
              },
              {
                "kind": "Accessor",
                "name": "Set",
                "printedName": "Set()",
                "children": [
                  {
                    "kind": "TypeNominal",
                    "name": "Void",
                    "printedName": "()"
                  },
                  {
                    "kind": "TypeNominal",
                    "name": "Optional",
                    "printedName": "Swift.String?",
                    "children": [
                      {
                        "kind": "TypeNominal",
                        "name": "String",
                        "printedName": "Swift.String",
                        "usr": "s:SS"
                      }
                    ],
                    "usr": "s:Sq"
                  }
                ],
                "declKind": "Accessor",
                "usr": "s:22PSANotificationService015PsaNotificationB9ExtensionC12mediaTypeKeySSSgvs",
                "mangledName": "$s22PSANotificationService015PsaNotificationB9ExtensionC12mediaTypeKeySSSgvs",
                "moduleName": "PSANotificationService",
                "implicit": true,
                "accessorKind": "set"
              },
              {
                "kind": "Accessor",
                "name": "Modify",
                "printedName": "Modify()",
                "children": [
                  {
                    "kind": "TypeNominal",
                    "name": "Void",
                    "printedName": "()"
                  }
                ],
                "declKind": "Accessor",
                "usr": "s:22PSANotificationService015PsaNotificationB9ExtensionC12mediaTypeKeySSSgvM",
                "mangledName": "$s22PSANotificationService015PsaNotificationB9ExtensionC12mediaTypeKeySSSgvM",
                "moduleName": "PSANotificationService",
                "implicit": true,
                "accessorKind": "_modify"
              }
            ]
          },
          {
            "kind": "Function",
            "name": "didReceive",
            "printedName": "didReceive(_:withContentHandler:)",
            "children": [
              {
                "kind": "TypeNominal",
                "name": "Void",
                "printedName": "()"
              },
              {
                "kind": "TypeNominal",
                "name": "UNNotificationRequest",
                "printedName": "UserNotifications.UNNotificationRequest",
                "usr": "c:objc(cs)UNNotificationRequest"
              },
              {
                "kind": "TypeFunc",
                "name": "Function",
                "printedName": "(UserNotifications.UNNotificationContent) -> ()",
                "children": [
                  {
                    "kind": "TypeNominal",
                    "name": "Void",
                    "printedName": "()"
                  },
                  {
                    "kind": "TypeNominal",
                    "name": "UNNotificationContent",
                    "printedName": "UserNotifications.UNNotificationContent",
                    "usr": "c:objc(cs)UNNotificationContent"
                  }
                ]
              }
            ],
            "declKind": "Func",
            "usr": "c:@M@PSANotificationService@objc(cs)PsaNotificationServiceExtension(im)didReceiveNotificationRequest:withContentHandler:",
            "mangledName": "$s22PSANotificationService015PsaNotificationB9ExtensionC10didReceive_18withContentHandlerySo21UNNotificationRequestC_ySo0kI0CctF",
            "moduleName": "PSANotificationService",
            "overriding": true,
            "isOpen": true,
            "objc_name": "didReceiveNotificationRequest:withContentHandler:",
            "declAttributes": [
              "Dynamic",
              "ObjC",
              "Override",
              "AccessControl"
            ],
            "funcSelfKind": "NonMutating"
          },
          {
            "kind": "Function",
            "name": "serviceExtensionTimeWillExpire",
            "printedName": "serviceExtensionTimeWillExpire()",
            "children": [
              {
                "kind": "TypeNominal",
                "name": "Void",
                "printedName": "()"
              }
            ],
            "declKind": "Func",
            "usr": "c:@M@PSANotificationService@objc(cs)PsaNotificationServiceExtension(im)serviceExtensionTimeWillExpire",
            "mangledName": "$s22PSANotificationService015PsaNotificationB9ExtensionC07serviceE14TimeWillExpireyyF",
            "moduleName": "PSANotificationService",
            "overriding": true,
            "isOpen": true,
            "objc_name": "serviceExtensionTimeWillExpire",
            "declAttributes": [
              "Dynamic",
              "ObjC",
              "Override",
              "AccessControl"
            ],
            "funcSelfKind": "NonMutating"
          },
          {
            "kind": "Constructor",
            "name": "init",
            "printedName": "init()",
            "children": [
              {
                "kind": "TypeNominal",
                "name": "PsaNotificationServiceExtension",
                "printedName": "PSANotificationService.PsaNotificationServiceExtension",
                "usr": "c:@M@PSANotificationService@objc(cs)PsaNotificationServiceExtension"
              }
            ],
            "declKind": "Constructor",
            "usr": "c:@M@PSANotificationService@objc(cs)PsaNotificationServiceExtension(im)init",
            "mangledName": "$s22PSANotificationService015PsaNotificationB9ExtensionCACycfc",
            "moduleName": "PSANotificationService",
            "overriding": true,
            "implicit": true,
            "objc_name": "init",
            "declAttributes": [
              "Dynamic",
              "ObjC",
              "Override"
            ],
            "init_kind": "Designated"
          }
        ],
        "declKind": "Class",
        "usr": "c:@M@PSANotificationService@objc(cs)PsaNotificationServiceExtension",
        "mangledName": "$s22PSANotificationService015PsaNotificationB9ExtensionC",
        "moduleName": "PSANotificationService",
        "isOpen": true,
        "declAttributes": [
          "AccessControl",
          "ObjC"
        ],
        "superclassUsr": "c:objc(cs)UNNotificationServiceExtension",
        "inheritsConvenienceInitializers": true,
        "superclassNames": [
          "UserNotifications.UNNotificationServiceExtension",
          "ObjectiveC.NSObject"
        ],
        "conformances": [
          {
            "kind": "Conformance",
            "name": "Copyable",
            "printedName": "Copyable",
            "usr": "s:s8CopyableP",
            "mangledName": "$ss8CopyableP"
          },
          {
            "kind": "Conformance",
            "name": "Escapable",
            "printedName": "Escapable",
            "usr": "s:s9EscapableP",
            "mangledName": "$ss9EscapableP"
          },
          {
            "kind": "Conformance",
            "name": "Equatable",
            "printedName": "Equatable",
            "usr": "s:SQ",
            "mangledName": "$sSQ"
          },
          {
            "kind": "Conformance",
            "name": "Hashable",
            "printedName": "Hashable",
            "usr": "s:SH",
            "mangledName": "$sSH"
          },
          {
            "kind": "Conformance",
            "name": "CVarArg",
            "printedName": "CVarArg",
            "usr": "s:s7CVarArgP",
            "mangledName": "$ss7CVarArgP"
          },
          {
            "kind": "Conformance",
            "name": "_KeyValueCodingAndObservingPublishing",
            "printedName": "_KeyValueCodingAndObservingPublishing",
            "usr": "s:10Foundation37_KeyValueCodingAndObservingPublishingP",
            "mangledName": "$s10Foundation37_KeyValueCodingAndObservingPublishingP"
          },
          {
            "kind": "Conformance",
            "name": "_KeyValueCodingAndObserving",
            "printedName": "_KeyValueCodingAndObserving",
            "usr": "s:10Foundation27_KeyValueCodingAndObservingP",
            "mangledName": "$s10Foundation27_KeyValueCodingAndObservingP"
          },
          {
            "kind": "Conformance",
            "name": "CustomStringConvertible",
            "printedName": "CustomStringConvertible",
            "usr": "s:s23CustomStringConvertibleP",
            "mangledName": "$ss23CustomStringConvertibleP"
          },
          {
            "kind": "Conformance",
            "name": "CustomDebugStringConvertible",
            "printedName": "CustomDebugStringConvertible",
            "usr": "s:s28CustomDebugStringConvertibleP",
            "mangledName": "$ss28CustomDebugStringConvertibleP"
          }
        ]
      }
    ],
    "json_format_version": 8
  },
  "ConstValues": [
    {
      "filePath": "\/Users\/aakash\/code\/psa-ios-sdk\/Sources\/PSANotificationService\/Constant.swift",
      "kind": "StringLiteral",
      "offset": 142,
      "length": 14,
      "value": "\"psa_mediaUrl\""
    },
    {
      "filePath": "\/Users\/aakash\/code\/psa-ios-sdk\/Sources\/PSANotificationService\/Constant.swift",
      "kind": "StringLiteral",
      "offset": 177,
      "length": 15,
      "value": "\"psa_mediaType\""
    },
    {
      "filePath": "\/Users\/aakash\/code\/psa-ios-sdk\/Sources\/PSANotificationService\/Constant.swift",
      "kind": "StringLiteral",
      "offset": 206,
      "length": 7,
      "value": "\"image\""
    },
    {
      "filePath": "\/Users\/aakash\/code\/psa-ios-sdk\/Sources\/PSANotificationService\/Constant.swift",
      "kind": "StringLiteral",
      "offset": 227,
      "length": 7,
      "value": "\"video\""
    },
    {
      "filePath": "\/Users\/aakash\/code\/psa-ios-sdk\/Sources\/PSANotificationService\/Constant.swift",
      "kind": "StringLiteral",
      "offset": 248,
      "length": 7,
      "value": "\"audio\""
    },
    {
      "filePath": "\/Users\/aakash\/code\/psa-ios-sdk\/Sources\/PSANotificationService\/Constant.swift",
      "kind": "StringLiteral",
      "offset": 273,
      "length": 12,
      "value": "\"image\/jpeg\""
    },
    {
      "filePath": "\/Users\/aakash\/code\/psa-ios-sdk\/Sources\/PSANotificationService\/Constant.swift",
      "kind": "StringLiteral",
      "offset": 302,
      "length": 11,
      "value": "\"image\/png\""
    },
    {
      "filePath": "\/Users\/aakash\/code\/psa-ios-sdk\/Sources\/PSANotificationService\/Constant.swift",
      "kind": "StringLiteral",
      "offset": 330,
      "length": 11,
      "value": "\"image\/gif\""
    }
  ]
}